City 1,City 2,Distance (km)
Greenflow?,TG Companies,0.0
Sunpower Corp,The Retrofit Companies,0.0
Electronic Recycling & IT Asset Disposition Services,TG Companies,0.0
Electronic Recycling & IT Asset Disposition Services,The Retrofit Companies,0.0
NovaTec Recycling,The Retrofit Companies,0.0
NovaTec Recycling,TG Companies,0.0
NovaTec Recycling,TBF Computing Inc,0.0
NovaTec Recycling,Sunpower Corp,0.0
Sunpower Corp,TG Companies,0.0
NovaTec Recycling,SolarCycle,0.0
Good Sun,Green Century Electronics Recycling,0.0
Good Sun,Greenflow?,0.0
Good Sun,Mitsubishi Electric,0.0
Good Sun,Silicon Specialists,0.0
Good Sun,SolarCycle,0.0
Good Sun,Sunpower Corp,0.0
TBF Computing Inc,TG Companies,0.0
NovaTec Recycling,Silicon Specialists,0.0
Sunpower Corp,TBF Computing Inc,0.0
Electronic Recycling & IT Asset Disposition Services,TBF Computing Inc,0.0
Electronic Recycling & IT Asset Disposition Services,Sunpower Corp,0.0
SolarCycle,The Retrofit Companies,0.0
SolarCycle,TG Companies,0.0
SolarCycle,TBF Computing Inc,0.0
SolarCycle,Sunpower Corp,0.0
Silicon Specialists,The Retrofit Companies,0.0
Silicon Specialists,TG Companies,0.0
Silicon Specialists,TBF Computing Inc,0.0
Silicon Specialists,Sunpower Corp,0.0
Silicon Specialists,SolarCycle,0.0
Greenflow?,TBF Computing Inc,0.0
Electronic Recycling & IT Asset Disposition Services,Good Sun,0.0
Electronic Recycling & IT Asset Disposition Services,Green Century Electronics Recycling,0.0
Electronic Recycling & IT Asset Disposition Services,Greenflow?,0.0
Electronic Recycling & IT Asset Disposition Services,Mitsubishi Electric,0.0
Electronic Recycling & IT Asset Disposition Services,NovaTec Recycling,0.0
Electronic Recycling & IT Asset Disposition Services,Silicon Specialists,0.0
Electronic Recycling & IT Asset Disposition Services,SolarCycle,0.0
Good Sun,TBF Computing Inc,0.0
TBF Computing Inc,The Retrofit Companies,0.0
Good Sun,NovaTec Recycling,0.0
Good Sun,The Retrofit Companies,0.0
Mitsubishi Electric,Silicon Specialists,0.0
Green Century Electronics Recycling,TBF Computing Inc,0.0
3R Recycling,NovaTec Recycling,0.0
Green Century Electronics Recycling,TG Companies,0.0
3R Recycling,Mitsubishi Electric,0.0
Good Sun,TG Companies,0.0
3R Recycling,Greenflow?,0.0
Mitsubishi Electric,NovaTec Recycling,0.0
3R Recycling,Green Century Electronics Recycling,0.0
3R Recycling,Good Sun,0.0
3R Recycling,Electronic Recycling & IT Asset Disposition Services,0.0
Greenflow?,Mitsubishi Electric,0.0
Greenflow?,NovaTec Recycling,0.0
Greenflow?,Silicon Specialists,0.0
Greenflow?,SolarCycle,0.0
Greenflow?,Sunpower Corp,0.0
Greenflow?,The Retrofit Companies,0.0
Green Century Electronics Recycling,Sunpower Corp,0.0
3R Recycling,Silicon Specialists,0.0
Green Century Electronics Recycling,The Retrofit Companies,0.0
3R Recycling,SolarCycle,0.0
Green Century Electronics Recycling,NovaTec Recycling,0.0
Mitsubishi Electric,TG Companies,0.0
TG Companies,The Retrofit Companies,0.0
Mitsubishi Electric,The Retrofit Companies,0.0
Green Century Electronics Recycling,Mitsubishi Electric,0.0
Mitsubishi Electric,TBF Computing Inc,0.0
Green Century Electronics Recycling,Silicon Specialists,0.0
Green Century Electronics Recycling,Greenflow?,0.0
3R Recycling,Sunpower Corp,0.0
Mitsubishi Electric,SolarCycle,0.0
3R Recycling,The Retrofit Companies,0.0
Mitsubishi Electric,Sunpower Corp,0.0
3R Recycling,TG Companies,0.0
3R Recycling,TBF Computing Inc,0.0
Green Century Electronics Recycling,SolarCycle,0.0
Recycle1234,Surplus Service,5.220658921153765
"Echo Environmental, LLC",United Electronic Recycling,10.115988784277677
cmc Recycling,"Echo Environmental, LLC",14.032693546208654
cmc Recycling,United Electronic Recycling,15.48791410660765
"Closed Loop Refining And Recovery, Inc.","FabTech Enterprises, Inc.",28.524340258436986
"INTERCO TRADING, INC.","Recycle Technologies, Inc.",87.04033813617998
Solar Recycling Experts LLC,Solarsilicon Recycling Services dba SRS,95.51764506164723
"MOTIVE ENERGY, INC. (Power Solutions)",Solarsilicon Recycling Services dba SRS,127.02738681505286
"Recycle Technologies, Inc.",United Scrap Metal,142.83653218180558
"MOTIVE ENERGY, INC. (Power Solutions)",Solar Recycling Experts LLC,152.43968029713187
"INTERCO TRADING, INC.",United Scrap Metal,191.18930808093194
Cleanlites  Recycling,"Recycle Technologies, Inc.",195.23109163956426
Cleanlites  Recycling,United Scrap Metal,267.00107779704905
Cleanlites  Recycling,"INTERCO TRADING, INC.",272.13360780026824
cmc Recycling,"Dynamic Lifecycle Innovation, Wisconsin Headquarters:",283.6568071961304
"Dynamic Lifecycle Innovation, Wisconsin Headquarters:","Echo Environmental, LLC",292.4621434744695
Recycle1234,RecyclePVSolar,292.5372609592412
RecyclePVSolar,Surplus Service,293.89070773456547
"Dynamic Lifecycle Innovation, Wisconsin Headquarters:",United Electronic Recycling,298.79451888438854
"We Recycle Solar, Inc.","ZEEP Technology, LLC",366.58188422332177
Solar Recycling Experts LLC,Surplus Service,415.4981702180263
Recycle1234,Solar Recycling Experts LLC,420.4952417254842
Solarsilicon Recycling Services dba SRS,Surplus Service,433.0400696011986
Recycle1234,Solarsilicon Recycling Services dba SRS,438.24677624800495
RecyclePVSolar,Solar Recycling Experts LLC,502.8463062013449
Cascade Eco Minerals LLC,"Echo Environmental, LLC",508.5350034435006
Cascade Eco Minerals LLC,United Electronic Recycling,512.4937454972172
Cascade Eco Minerals LLC,cmc Recycling,522.3413963555955
"Closed Loop Refining And Recovery, Inc.","MOTIVE ENERGY, INC. (Power Solutions)",542.0276874533547
"MOTIVE ENERGY, INC. (Power Solutions)",Surplus Service,553.1000637950453
"MOTIVE ENERGY, INC. (Power Solutions)",Recycle1234,558.255927223602
RecyclePVSolar,Solarsilicon Recycling Services dba SRS,568.9042569156702
"FabTech Enterprises, Inc.","MOTIVE ENERGY, INC. (Power Solutions)",569.5450424291787
"Closed Loop Refining And Recovery, Inc.",Solar Recycling Experts LLC,614.7059533554708
"FabTech Enterprises, Inc.",Solar Recycling Experts LLC,643.2081049809889
"MOTIVE ENERGY, INC. (Power Solutions)",RecyclePVSolar,654.6241141386527
"Closed Loop Refining And Recovery, Inc.",Solarsilicon Recycling Services dba SRS,655.3522858877495
"FabTech Enterprises, Inc.",Solarsilicon Recycling Services dba SRS,683.4500162298763
Cascade Eco Minerals LLC,"Dynamic Lifecycle Innovation, Wisconsin Headquarters:",700.337502050142
Cascade Eco Minerals LLC,Green Lights Recycling Inc.,713.1306360988867
EcoTech Recycling,RecyclePVSolar,762.4425149398328
Cascade Eco Minerals LLC,United Scrap Metal,785.0137986013773
Cascade Eco Minerals LLC,"INTERCO TRADING, INC.",795.986133049793
Cascade Eco Minerals LLC,"Recycle Technologies, Inc.",848.1512200709091
Green Lights Recycling Inc.,"INTERCO TRADING, INC.",877.5068233996197
Green Clean Solar,United Scrap Metal,921.3700703224513
EcoTech Recycling,Recycle1234,938.5579407969127
EcoTech Recycling,Surplus Service,943.0845748973915
"Closed Loop Refining And Recovery, Inc.",RecyclePVSolar,963.3811651967079
Green Lights Recycling Inc.,"Recycle Technologies, Inc.",964.2015925265869
Cascade Eco Minerals LLC,Green Clean Solar,966.0266865659854
Cleanlites  Recycling,"We Recycle Solar, Inc.",983.8132143753392
"FabTech Enterprises, Inc.",RecyclePVSolar,989.309067777484
"Closed Loop Refining And Recovery, Inc.",Surplus Service,1005.8999469660663
"Closed Loop Refining And Recovery, Inc.",Recycle1234,1010.3228399967452
Green Lights Recycling Inc.,United Scrap Metal,1011.2557155105858
Green Lights Recycling Inc.,United Electronic Recycling,1030.3697192378693
"Echo Environmental, LLC",Green Lights Recycling Inc.,1033.1950018458404
"FabTech Enterprises, Inc.",Surplus Service,1034.1589362435839
Cascade Eco Minerals LLC,Cleanlites  Recycling,1036.1020534512647
"FabTech Enterprises, Inc.",Recycle1234,1038.5711125332691
cmc Recycling,Green Lights Recycling Inc.,1045.5419145717267
"Dynamic Lifecycle Innovation, Wisconsin Headquarters:",Green Clean Solar,1051.5398419379164
Green Clean Solar,"Recycle Technologies, Inc.",1064.2054233955675
Green Clean Solar,"INTERCO TRADING, INC.",1097.5433704893326
Cleanlites  Recycling,Green Clean Solar,1124.270523470947
Cleanlites  Recycling,"ZEEP Technology, LLC",1124.6040607789478
Cleanlites  Recycling,Green Lights Recycling Inc.,1139.4929371733092
"Echo Environmental, LLC",Green Clean Solar,1151.159114220015
cmc Recycling,Green Clean Solar,1156.7576868856409
Green Clean Solar,United Electronic Recycling,1161.0866035553345
"Recycle Technologies, Inc.","We Recycle Solar, Inc.",1171.7598991481918
United Scrap Metal,"We Recycle Solar, Inc.",1177.5585794949304
United Scrap Metal,"ZEEP Technology, LLC",1252.4441807205822
"INTERCO TRADING, INC.","We Recycle Solar, Inc.",1254.3491038204002
EcoTech Recycling,Solar Recycling Experts LLC,1264.317992046906
"Echo Environmental, LLC",United Scrap Metal,1275.7861437615256
United Electronic Recycling,United Scrap Metal,1281.5251659592589
"Recycle Technologies, Inc.","ZEEP Technology, LLC",1288.0406327170388
cmc Recycling,United Scrap Metal,1288.779450128136
"Echo Environmental, LLC","INTERCO TRADING, INC.",1303.0710406069286
"INTERCO TRADING, INC.",United Electronic Recycling,1307.5217766065211
"Dynamic Lifecycle Innovation, Wisconsin Headquarters:",Green Lights Recycling Inc.,1309.6605191056935
cmc Recycling,"INTERCO TRADING, INC.",1316.700906369929
EcoTech Recycling,Solarsilicon Recycling Services dba SRS,1324.2015980882268
"Echo Environmental, LLC","Recycle Technologies, Inc.",1351.4304052056805
"Recycle Technologies, Inc.",United Electronic Recycling,1356.3713048715522
cmc Recycling,"Recycle Technologies, Inc.",1364.8573172220094
"FabTech Enterprises, Inc.",United Electronic Recycling,1374.8630368024642
"INTERCO TRADING, INC.","ZEEP Technology, LLC",1374.9912441517276
cmc Recycling,"FabTech Enterprises, Inc.",1382.9906106511248
"Echo Environmental, LLC","FabTech Enterprises, Inc.",1384.957426032691
"Dynamic Lifecycle Innovation, Wisconsin Headquarters:",United Scrap Metal,1392.190518093001
Green Clean Solar,"ZEEP Technology, LLC",1394.1957348845813
"Closed Loop Refining And Recovery, Inc.",United Electronic Recycling,1400.9283820840296
"FabTech Enterprises, Inc.",Green Lights Recycling Inc.,1407.7672550226225
"Closed Loop Refining And Recovery, Inc.",cmc Recycling,1409.1651072957106
"Closed Loop Refining And Recovery, Inc.","Echo Environmental, LLC",1411.0168731024303
EcoTech Recycling,"MOTIVE ENERGY, INC. (Power Solutions)",1416.5285641894104
"Closed Loop Refining And Recovery, Inc.",Green Lights Recycling Inc.,1418.7121299172757
"Dynamic Lifecycle Innovation, Wisconsin Headquarters:","INTERCO TRADING, INC.",1455.3315078421117
"Dynamic Lifecycle Innovation, Wisconsin Headquarters:","Recycle Technologies, Inc.",1489.6912365708909
Cleanlites  Recycling,"Echo Environmental, LLC",1534.938380935195
Cleanlites  Recycling,United Electronic Recycling,1540.2816199207828
Cleanlites  Recycling,cmc Recycling,1548.1604923561129
Green Clean Solar,"We Recycle Solar, Inc.",1560.2936377158355
"Dynamic Lifecycle Innovation, Wisconsin Headquarters:","FabTech Enterprises, Inc.",1594.3551051034049
Green Clean Solar,Green Lights Recycling Inc.,1613.4614509270834
Cascade Eco Minerals LLC,"FabTech Enterprises, Inc.",1620.6833019755436
"Closed Loop Refining And Recovery, Inc.","Dynamic Lifecycle Innovation, Wisconsin Headquarters:",1621.7551632612115
Cascade Eco Minerals LLC,"Closed Loop Refining And Recovery, Inc.",1642.0927078974737
Cleanlites  Recycling,"Dynamic Lifecycle Innovation, Wisconsin Headquarters:",1658.737234655388
"Closed Loop Refining And Recovery, Inc.",EcoTech Recycling,1669.417881247684
Green Lights Recycling Inc.,RecyclePVSolar,1683.734950695593
EcoTech Recycling,"FabTech Enterprises, Inc.",1691.9537892035669
Green Lights Recycling Inc.,Solar Recycling Experts LLC,1770.1963368067009
Green Lights Recycling Inc.,"MOTIVE ENERGY, INC. (Power Solutions)",1807.2552289069627
Green Lights Recycling Inc.,Solarsilicon Recycling Services dba SRS,1859.0307756428986
EcoTech Recycling,Green Lights Recycling Inc.,1878.6912044366368
Green Lights Recycling Inc.,Surplus Service,1937.8230428016793
Green Lights Recycling Inc.,Recycle1234,1938.9552265425496
"MOTIVE ENERGY, INC. (Power Solutions)",United Electronic Recycling,1939.057676213548
Cascade Eco Minerals LLC,"We Recycle Solar, Inc.",1944.3273025053238
cmc Recycling,"MOTIVE ENERGY, INC. (Power Solutions)",1947.7919919721387
"Echo Environmental, LLC","MOTIVE ENERGY, INC. (Power Solutions)",1949.1085290479994
Cascade Eco Minerals LLC,"ZEEP Technology, LLC",1957.4710462213382
Solar Recycling Experts LLC,United Electronic Recycling,1985.701040446435
cmc Recycling,Solar Recycling Experts LLC,1995.3680865462532
"Echo Environmental, LLC",Solar Recycling Experts LLC,1995.6377909600997
Solarsilicon Recycling Services dba SRS,United Electronic Recycling,2043.6337616267758
cmc Recycling,Solarsilicon Recycling Services dba SRS,2052.8298749153355
"Echo Environmental, LLC",Solarsilicon Recycling Services dba SRS,2053.6357165827226
Green Lights Recycling Inc.,"We Recycle Solar, Inc.",2119.6292797308065
Cascade Eco Minerals LLC,"MOTIVE ENERGY, INC. (Power Solutions)",2144.1558026063594
Cascade Eco Minerals LLC,Solar Recycling Experts LLC,2155.454965414746
RecyclePVSolar,United Electronic Recycling,2159.4300467953394
"Dynamic Lifecycle Innovation, Wisconsin Headquarters:","MOTIVE ENERGY, INC. (Power Solutions)",2163.7755761815665
"Echo Environmental, LLC",RecyclePVSolar,2168.664859477605
cmc Recycling,RecyclePVSolar,2171.616427907314
Cascade Eco Minerals LLC,RecyclePVSolar,2212.0109512608105
"Dynamic Lifecycle Innovation, Wisconsin Headquarters:",Solar Recycling Experts LLC,2223.656346864835
"FabTech Enterprises, Inc.","INTERCO TRADING, INC.",2226.022703466297
Cascade Eco Minerals LLC,Solarsilicon Recycling Services dba SRS,2229.382387876107
"Closed Loop Refining And Recovery, Inc.","INTERCO TRADING, INC.",2241.448868337803
Green Lights Recycling Inc.,"ZEEP Technology, LLC",2251.8366503848565
"Dynamic Lifecycle Innovation, Wisconsin Headquarters:",Solarsilicon Recycling Services dba SRS,2274.638184288828
"FabTech Enterprises, Inc.","Recycle Technologies, Inc.",2306.8851651936716
"FabTech Enterprises, Inc.",United Scrap Metal,2308.233771949046
Surplus Service,United Electronic Recycling,2317.068738698906
Recycle1234,United Electronic Recycling,2320.3614199266076
"Closed Loop Refining And Recovery, Inc.","Recycle Technologies, Inc.",2322.6522276394835
"Closed Loop Refining And Recovery, Inc.",United Scrap Metal,2325.467496924085
"Echo Environmental, LLC",Surplus Service,2326.710164378754
cmc Recycling,Surplus Service,2328.0980905124907
"Echo Environmental, LLC",Recycle1234,2329.997367989853
cmc Recycling,Recycle1234,2331.4100968866483
"Echo Environmental, LLC","ZEEP Technology, LLC",2368.840754343444
"Dynamic Lifecycle Innovation, Wisconsin Headquarters:","ZEEP Technology, LLC",2371.4063749270867
United Electronic Recycling,"ZEEP Technology, LLC",2377.1224462734963
cmc Recycling,"ZEEP Technology, LLC",2379.152872505567
"Echo Environmental, LLC","We Recycle Solar, Inc.",2401.1025281428024
United Electronic Recycling,"We Recycle Solar, Inc.",2408.3764368852035
cmc Recycling,"We Recycle Solar, Inc.",2412.772117712563
Cascade Eco Minerals LLC,Surplus Service,2421.5914782899113
Cascade Eco Minerals LLC,Recycle1234,2423.934408768098
"Dynamic Lifecycle Innovation, Wisconsin Headquarters:",RecyclePVSolar,2430.676925042823
"Dynamic Lifecycle Innovation, Wisconsin Headquarters:","We Recycle Solar, Inc.",2448.7671399460987
Cleanlites  Recycling,"FabTech Enterprises, Inc.",2498.1056843905235
Cleanlites  Recycling,"Closed Loop Refining And Recovery, Inc.",2513.4626430379476
"FabTech Enterprises, Inc.",Green Clean Solar,2514.734801490795
"Closed Loop Refining And Recovery, Inc.",Green Clean Solar,2539.1968838689254
Cascade Eco Minerals LLC,EcoTech Recycling,2540.9135567396543
"INTERCO TRADING, INC.",RecyclePVSolar,2553.2114367040135
"Dynamic Lifecycle Innovation, Wisconsin Headquarters:",Surplus Service,2573.0153453770154
"Dynamic Lifecycle Innovation, Wisconsin Headquarters:",Recycle1234,2576.562666929815
EcoTech Recycling,United Electronic Recycling,2630.9993801010473
"Echo Environmental, LLC",EcoTech Recycling,2638.876749221978
"Recycle Technologies, Inc.",RecyclePVSolar,2640.2390308778376
"INTERCO TRADING, INC.",Solar Recycling Experts LLC,2643.0237809801956
cmc Recycling,EcoTech Recycling,2645.2145823581786
EcoTech Recycling,"INTERCO TRADING, INC.",2652.288769370731
"INTERCO TRADING, INC.","MOTIVE ENERGY, INC. (Power Solutions)",2671.669100091741
RecyclePVSolar,United Scrap Metal,2694.859659734218
"Recycle Technologies, Inc.",Solar Recycling Experts LLC,2728.7190674182707
"INTERCO TRADING, INC.",Solarsilicon Recycling Services dba SRS,2730.1779208551543
EcoTech Recycling,"Recycle Technologies, Inc.",2735.117037478286
"MOTIVE ENERGY, INC. (Power Solutions)","Recycle Technologies, Inc.",2756.352821778345
Solar Recycling Experts LLC,United Scrap Metal,2757.4789665335647
"MOTIVE ENERGY, INC. (Power Solutions)",United Scrap Metal,2777.1788527012127
Cleanlites  Recycling,RecyclePVSolar,2803.396569868876
"INTERCO TRADING, INC.",Surplus Service,2813.2193880796226
"INTERCO TRADING, INC.",Recycle1234,2814.213228496036
"Recycle Technologies, Inc.",Solarsilicon Recycling Services dba SRS,2815.637072120941
EcoTech Recycling,United Scrap Metal,2824.793877665922
Solarsilicon Recycling Services dba SRS,United Scrap Metal,2842.223016563778
Cleanlites  Recycling,EcoTech Recycling,2861.618048801263
"Recycle Technologies, Inc.",Surplus Service,2900.2070953241578
"Recycle Technologies, Inc.",Recycle1234,2901.2064011045936
Cleanlites  Recycling,Solar Recycling Experts LLC,2908.7516739455264
"Dynamic Lifecycle Innovation, Wisconsin Headquarters:",EcoTech Recycling,2924.3075185846055
Cleanlites  Recycling,"MOTIVE ENERGY, INC. (Power Solutions)",2940.2379377538737
Surplus Service,United Scrap Metal,2947.7526911757577
Recycle1234,United Scrap Metal,2948.9952060440064
Cleanlites  Recycling,Solarsilicon Recycling Services dba SRS,2996.7019356443157
Green Clean Solar,"MOTIVE ENERGY, INC. (Power Solutions)",3065.5141215058097
Cleanlites  Recycling,Surplus Service,3068.3192711574343
Cleanlites  Recycling,Recycle1234,3069.140861697211
Green Clean Solar,Solar Recycling Experts LLC,3092.662585911549
Green Clean Solar,Solarsilicon Recycling Services dba SRS,3160.4057843734363
Green Clean Solar,RecyclePVSolar,3176.8871612240437
Green Clean Solar,Surplus Service,3379.8058048517496
Green Clean Solar,Recycle1234,3382.3518199173586
"FabTech Enterprises, Inc.","We Recycle Solar, Inc.",3478.0182194096114
EcoTech Recycling,Green Clean Solar,3486.422622084822
"Closed Loop Refining And Recovery, Inc.","We Recycle Solar, Inc.",3494.0720410057884
"FabTech Enterprises, Inc.","ZEEP Technology, LLC",3550.211930143435
"Closed Loop Refining And Recovery, Inc.","ZEEP Technology, LLC",3568.700269339405
EcoTech Recycling,"We Recycle Solar, Inc.",3736.690457298385
RecyclePVSolar,"We Recycle Solar, Inc.",3761.370961377966
Solar Recycling Experts LLC,"We Recycle Solar, Inc.",3889.818965353751
"MOTIVE ENERGY, INC. (Power Solutions)","We Recycle Solar, Inc.",3923.650615082961
RecyclePVSolar,"ZEEP Technology, LLC",3926.470270802127
EcoTech Recycling,"ZEEP Technology, LLC",3966.6844030628063
Solarsilicon Recycling Services dba SRS,"We Recycle Solar, Inc.",3978.5297052646897
Solar Recycling Experts LLC,"ZEEP Technology, LLC",4009.5540675305897
"MOTIVE ENERGY, INC. (Power Solutions)","ZEEP Technology, LLC",4029.286172542734
Surplus Service,"We Recycle Solar, Inc.",4033.8900864918082
Recycle1234,"We Recycle Solar, Inc.",4034.418426047869
Solarsilicon Recycling Services dba SRS,"ZEEP Technology, LLC",4094.5961549906447
Surplus Service,"ZEEP Technology, LLC",4188.174551363052
Recycle1234,"ZEEP Technology, LLC",4189.151077510159
Mitsubishi Electric,"We Recycle Solar, Inc.",10461.523236876872
Good Sun,"We Recycle Solar, Inc.",10461.523236876872
TG Companies,"We Recycle Solar, Inc.",10461.523236876872
Green Century Electronics Recycling,"We Recycle Solar, Inc.",10461.523236876872
Electronic Recycling & IT Asset Disposition Services,"We Recycle Solar, Inc.",10461.523236876872
3R Recycling,"We Recycle Solar, Inc.",10461.523236876872
Sunpower Corp,"We Recycle Solar, Inc.",10461.523236876872
Silicon Specialists,"We Recycle Solar, Inc.",10461.523236876872
NovaTec Recycling,"We Recycle Solar, Inc.",10461.523236876872
Greenflow?,"We Recycle Solar, Inc.",10461.523236876872
TBF Computing Inc,"We Recycle Solar, Inc.",10461.523236876872
SolarCycle,"We Recycle Solar, Inc.",10461.523236876872
The Retrofit Companies,"We Recycle Solar, Inc.",10461.523236876872
Green Century Electronics Recycling,"ZEEP Technology, LLC",10711.522674255139
Greenflow?,"ZEEP Technology, LLC",10711.522674255139
TG Companies,"ZEEP Technology, LLC",10711.522674255139
The Retrofit Companies,"ZEEP Technology, LLC",10711.522674255139
TBF Computing Inc,"ZEEP Technology, LLC",10711.522674255139
SolarCycle,"ZEEP Technology, LLC",10711.522674255139
Electronic Recycling & IT Asset Disposition Services,"ZEEP Technology, LLC",10711.522674255139
NovaTec Recycling,"ZEEP Technology, LLC",10711.522674255139
Silicon Specialists,"ZEEP Technology, LLC",10711.522674255139
Sunpower Corp,"ZEEP Technology, LLC",10711.522674255139
Mitsubishi Electric,"ZEEP Technology, LLC",10711.522674255139
3R Recycling,"ZEEP Technology, LLC",10711.522674255139
Good Sun,"ZEEP Technology, LLC",10711.522674255139
EcoTech Recycling,Green Century Electronics Recycling,10995.987210863677
EcoTech Recycling,NovaTec Recycling,10995.987210863677
EcoTech Recycling,Electronic Recycling & IT Asset Disposition Services,10995.987210863677
EcoTech Recycling,The Retrofit Companies,10995.987210863677
EcoTech Recycling,TG Companies,10995.987210863677
EcoTech Recycling,TBF Computing Inc,10995.987210863677
3R Recycling,EcoTech Recycling,10995.987210863677
EcoTech Recycling,Silicon Specialists,10995.987210863677
EcoTech Recycling,SolarCycle,10995.987210863677
EcoTech Recycling,Sunpower Corp,10995.987210863677
EcoTech Recycling,Mitsubishi Electric,10995.987210863677
EcoTech Recycling,Greenflow?,10995.987210863677
EcoTech Recycling,Good Sun,10995.987210863677
Cleanlites  Recycling,Greenflow?,11003.532271697513
Cleanlites  Recycling,Silicon Specialists,11003.532271697513
Cleanlites  Recycling,Electronic Recycling & IT Asset Disposition Services,11003.532271697513
3R Recycling,Cleanlites  Recycling,11003.532271697513
Cleanlites  Recycling,TG Companies,11003.532271697513
Cleanlites  Recycling,The Retrofit Companies,11003.532271697513
Cleanlites  Recycling,TBF Computing Inc,11003.532271697513
Cleanlites  Recycling,Mitsubishi Electric,11003.532271697513
Cleanlites  Recycling,Good Sun,11003.532271697513
Cleanlites  Recycling,SolarCycle,11003.532271697513
Cleanlites  Recycling,Green Century Electronics Recycling,11003.532271697513
Cleanlites  Recycling,Sunpower Corp,11003.532271697513
Cleanlites  Recycling,NovaTec Recycling,11003.532271697513
"Recycle Technologies, Inc.",Silicon Specialists,11153.130636531083
Electronic Recycling & IT Asset Disposition Services,"Recycle Technologies, Inc.",11153.130636531083
3R Recycling,"Recycle Technologies, Inc.",11153.130636531083
"Recycle Technologies, Inc.",Sunpower Corp,11153.130636531083
"Recycle Technologies, Inc.",TBF Computing Inc,11153.130636531083
"Recycle Technologies, Inc.",TG Companies,11153.130636531083
Good Sun,"Recycle Technologies, Inc.",11153.130636531083
NovaTec Recycling,"Recycle Technologies, Inc.",11153.130636531083
"Recycle Technologies, Inc.",The Retrofit Companies,11153.130636531083
Greenflow?,"Recycle Technologies, Inc.",11153.130636531083
Mitsubishi Electric,"Recycle Technologies, Inc.",11153.130636531083
Green Century Electronics Recycling,"Recycle Technologies, Inc.",11153.130636531083
"Recycle Technologies, Inc.",SolarCycle,11153.130636531083
"INTERCO TRADING, INC.",NovaTec Recycling,11177.75184920876
"INTERCO TRADING, INC.",Mitsubishi Electric,11177.75184920876
Greenflow?,"INTERCO TRADING, INC.",11177.75184920876
"INTERCO TRADING, INC.",Sunpower Corp,11177.75184920876
"INTERCO TRADING, INC.",SolarCycle,11177.75184920876
Electronic Recycling & IT Asset Disposition Services,"INTERCO TRADING, INC.",11177.75184920876
"INTERCO TRADING, INC.",TBF Computing Inc,11177.75184920876
"INTERCO TRADING, INC.",TG Companies,11177.75184920876
"INTERCO TRADING, INC.",The Retrofit Companies,11177.75184920876
Good Sun,"INTERCO TRADING, INC.",11177.75184920876
"INTERCO TRADING, INC.",Silicon Specialists,11177.75184920876
3R Recycling,"INTERCO TRADING, INC.",11177.75184920876
Green Century Electronics Recycling,"INTERCO TRADING, INC.",11177.75184920876
SolarCycle,United Scrap Metal,11267.580738666635
TBF Computing Inc,United Scrap Metal,11267.580738666635
Electronic Recycling & IT Asset Disposition Services,United Scrap Metal,11267.580738666635
Greenflow?,United Scrap Metal,11267.580738666635
TG Companies,United Scrap Metal,11267.580738666635
NovaTec Recycling,United Scrap Metal,11267.580738666635
Mitsubishi Electric,United Scrap Metal,11267.580738666635
Green Century Electronics Recycling,United Scrap Metal,11267.580738666635
The Retrofit Companies,United Scrap Metal,11267.580738666635
Good Sun,United Scrap Metal,11267.580738666635
Silicon Specialists,United Scrap Metal,11267.580738666635
Sunpower Corp,United Scrap Metal,11267.580738666635
3R Recycling,United Scrap Metal,11267.580738666635
Good Sun,Green Lights Recycling Inc.,11491.75054273975
Electronic Recycling & IT Asset Disposition Services,Green Lights Recycling Inc.,11491.75054273975
Green Lights Recycling Inc.,Greenflow?,11491.75054273975
Green Lights Recycling Inc.,Mitsubishi Electric,11491.75054273975
Green Lights Recycling Inc.,NovaTec Recycling,11491.75054273975
Green Lights Recycling Inc.,Silicon Specialists,11491.75054273975
Green Lights Recycling Inc.,SolarCycle,11491.75054273975
Green Lights Recycling Inc.,TBF Computing Inc,11491.75054273975
Green Lights Recycling Inc.,Sunpower Corp,11491.75054273975
Green Lights Recycling Inc.,The Retrofit Companies,11491.75054273975
3R Recycling,Green Lights Recycling Inc.,11491.75054273975
Green Lights Recycling Inc.,TG Companies,11491.75054273975
Green Century Electronics Recycling,Green Lights Recycling Inc.,11491.75054273975
Mitsubishi Electric,RecyclePVSolar,11748.082869792934
RecyclePVSolar,Sunpower Corp,11748.082869792934
RecyclePVSolar,TBF Computing Inc,11748.082869792934
Green Century Electronics Recycling,RecyclePVSolar,11748.082869792934
RecyclePVSolar,TG Companies,11748.082869792934
Good Sun,RecyclePVSolar,11748.082869792934
RecyclePVSolar,SolarCycle,11748.082869792934
RecyclePVSolar,Silicon Specialists,11748.082869792934
RecyclePVSolar,The Retrofit Companies,11748.082869792934
Greenflow?,RecyclePVSolar,11748.082869792934
3R Recycling,RecyclePVSolar,11748.082869792934
NovaTec Recycling,RecyclePVSolar,11748.082869792934
Electronic Recycling & IT Asset Disposition Services,RecyclePVSolar,11748.082869792934
Recycle1234,SolarCycle,11928.173272657725
3R Recycling,Recycle1234,11928.173272657725
Green Century Electronics Recycling,Recycle1234,11928.173272657725
Greenflow?,Recycle1234,11928.173272657725
Recycle1234,Silicon Specialists,11928.173272657725
NovaTec Recycling,Recycle1234,11928.173272657725
Electronic Recycling & IT Asset Disposition Services,Recycle1234,11928.173272657725
Mitsubishi Electric,Recycle1234,11928.173272657725
Recycle1234,The Retrofit Companies,11928.173272657725
Recycle1234,TG Companies,11928.173272657725
Recycle1234,Sunpower Corp,11928.173272657725
Good Sun,Recycle1234,11928.173272657725
Recycle1234,TBF Computing Inc,11928.173272657725
Greenflow?,Surplus Service,11932.973379173032
Good Sun,Surplus Service,11932.973379173032
NovaTec Recycling,Surplus Service,11932.973379173032
SolarCycle,Surplus Service,11932.973379173032
3R Recycling,Surplus Service,11932.973379173032
Surplus Service,The Retrofit Companies,11932.973379173032
Surplus Service,TG Companies,11932.973379173032
Silicon Specialists,Surplus Service,11932.973379173032
Green Century Electronics Recycling,Surplus Service,11932.973379173032
Surplus Service,TBF Computing Inc,11932.973379173032
Electronic Recycling & IT Asset Disposition Services,Surplus Service,11932.973379173032
Mitsubishi Electric,Surplus Service,11932.973379173032
Sunpower Corp,Surplus Service,11932.973379173032
Cascade Eco Minerals LLC,SolarCycle,11933.663708367396
Cascade Eco Minerals LLC,Silicon Specialists,11933.663708367396
Cascade Eco Minerals LLC,TG Companies,11933.663708367396
Cascade Eco Minerals LLC,The Retrofit Companies,11933.663708367396
Cascade Eco Minerals LLC,NovaTec Recycling,11933.663708367396
Cascade Eco Minerals LLC,Mitsubishi Electric,11933.663708367396
Cascade Eco Minerals LLC,Greenflow?,11933.663708367396
Cascade Eco Minerals LLC,Green Century Electronics Recycling,11933.663708367396
Cascade Eco Minerals LLC,Good Sun,11933.663708367396
Cascade Eco Minerals LLC,Electronic Recycling & IT Asset Disposition Services,11933.663708367396
Cascade Eco Minerals LLC,Sunpower Corp,11933.663708367396
Cascade Eco Minerals LLC,TBF Computing Inc,11933.663708367396
3R Recycling,Cascade Eco Minerals LLC,11933.663708367396
Green Clean Solar,TBF Computing Inc,11996.76389768685
3R Recycling,Green Clean Solar,11996.76389768685
Green Clean Solar,Greenflow?,11996.76389768685
Electronic Recycling & IT Asset Disposition Services,Green Clean Solar,11996.76389768685
Green Clean Solar,Mitsubishi Electric,11996.76389768685
Green Clean Solar,NovaTec Recycling,11996.76389768685
Green Clean Solar,Silicon Specialists,11996.76389768685
Green Clean Solar,The Retrofit Companies,11996.76389768685
Green Clean Solar,TG Companies,11996.76389768685
Green Century Electronics Recycling,Green Clean Solar,11996.76389768685
Green Clean Solar,Sunpower Corp,11996.76389768685
Good Sun,Green Clean Solar,11996.76389768685
Green Clean Solar,SolarCycle,11996.76389768685
Solar Recycling Experts LLC,SolarCycle,12248.964482486348
Solar Recycling Experts LLC,TG Companies,12248.964482486348
Solar Recycling Experts LLC,TBF Computing Inc,12248.964482486348
Solar Recycling Experts LLC,Sunpower Corp,12248.964482486348
Silicon Specialists,Solar Recycling Experts LLC,12248.964482486348
Solar Recycling Experts LLC,The Retrofit Companies,12248.964482486348
Green Century Electronics Recycling,Solar Recycling Experts LLC,12248.964482486348
Mitsubishi Electric,Solar Recycling Experts LLC,12248.964482486348
Electronic Recycling & IT Asset Disposition Services,Solar Recycling Experts LLC,12248.964482486348
3R Recycling,Solar Recycling Experts LLC,12248.964482486348
Greenflow?,Solar Recycling Experts LLC,12248.964482486348
NovaTec Recycling,Solar Recycling Experts LLC,12248.964482486348
Good Sun,Solar Recycling Experts LLC,12248.964482486348
Green Century Electronics Recycling,Solarsilicon Recycling Services dba SRS,12316.474079628693
Solarsilicon Recycling Services dba SRS,The Retrofit Companies,12316.474079628693
Solarsilicon Recycling Services dba SRS,TG Companies,12316.474079628693
Solarsilicon Recycling Services dba SRS,TBF Computing Inc,12316.474079628693
Solarsilicon Recycling Services dba SRS,Sunpower Corp,12316.474079628693
Good Sun,Solarsilicon Recycling Services dba SRS,12316.474079628693
SolarCycle,Solarsilicon Recycling Services dba SRS,12316.474079628693
3R Recycling,Solarsilicon Recycling Services dba SRS,12316.474079628693
Greenflow?,Solarsilicon Recycling Services dba SRS,12316.474079628693
Silicon Specialists,Solarsilicon Recycling Services dba SRS,12316.474079628693
Mitsubishi Electric,Solarsilicon Recycling Services dba SRS,12316.474079628693
NovaTec Recycling,Solarsilicon Recycling Services dba SRS,12316.474079628693
Electronic Recycling & IT Asset Disposition Services,Solarsilicon Recycling Services dba SRS,12316.474079628693
Electronic Recycling & IT Asset Disposition Services,"MOTIVE ENERGY, INC. (Power Solutions)",12398.460048134028
"MOTIVE ENERGY, INC. (Power Solutions)",TG Companies,12398.460048134028
"MOTIVE ENERGY, INC. (Power Solutions)",TBF Computing Inc,12398.460048134028
Good Sun,"MOTIVE ENERGY, INC. (Power Solutions)",12398.460048134028
"MOTIVE ENERGY, INC. (Power Solutions)",The Retrofit Companies,12398.460048134028
Greenflow?,"MOTIVE ENERGY, INC. (Power Solutions)",12398.460048134028
"MOTIVE ENERGY, INC. (Power Solutions)",NovaTec Recycling,12398.460048134028
3R Recycling,"MOTIVE ENERGY, INC. (Power Solutions)",12398.460048134028
Mitsubishi Electric,"MOTIVE ENERGY, INC. (Power Solutions)",12398.460048134028
"MOTIVE ENERGY, INC. (Power Solutions)",Silicon Specialists,12398.460048134028
"MOTIVE ENERGY, INC. (Power Solutions)",SolarCycle,12398.460048134028
Green Century Electronics Recycling,"MOTIVE ENERGY, INC. (Power Solutions)",12398.460048134028
"MOTIVE ENERGY, INC. (Power Solutions)",Sunpower Corp,12398.460048134028
"Echo Environmental, LLC",The Retrofit Companies,12428.746116385351
"Echo Environmental, LLC",Greenflow?,12428.746116385351
"Echo Environmental, LLC",Good Sun,12428.746116385351
"Echo Environmental, LLC",TG Companies,12428.746116385351
"Echo Environmental, LLC",TBF Computing Inc,12428.746116385351
"Echo Environmental, LLC",Green Century Electronics Recycling,12428.746116385351
"Echo Environmental, LLC",Mitsubishi Electric,12428.746116385351
"Echo Environmental, LLC",Silicon Specialists,12428.746116385351
"Echo Environmental, LLC",NovaTec Recycling,12428.746116385351
"Echo Environmental, LLC",SolarCycle,12428.746116385351
3R Recycling,"Echo Environmental, LLC",12428.746116385351
"Echo Environmental, LLC",Electronic Recycling & IT Asset Disposition Services,12428.746116385351
"Echo Environmental, LLC",Sunpower Corp,12428.746116385351
Silicon Specialists,United Electronic Recycling,12430.345243122762
Green Century Electronics Recycling,United Electronic Recycling,12430.345243122762
The Retrofit Companies,United Electronic Recycling,12430.345243122762
SolarCycle,United Electronic Recycling,12430.345243122762
NovaTec Recycling,United Electronic Recycling,12430.345243122762
3R Recycling,United Electronic Recycling,12430.345243122762
TBF Computing Inc,United Electronic Recycling,12430.345243122762
Mitsubishi Electric,United Electronic Recycling,12430.345243122762
Electronic Recycling & IT Asset Disposition Services,United Electronic Recycling,12430.345243122762
Sunpower Corp,United Electronic Recycling,12430.345243122762
Good Sun,United Electronic Recycling,12430.345243122762
TG Companies,United Electronic Recycling,12430.345243122762
Greenflow?,United Electronic Recycling,12430.345243122762
cmc Recycling,NovaTec Recycling,12442.760096217253
cmc Recycling,Good Sun,12442.760096217253
cmc Recycling,Green Century Electronics Recycling,12442.760096217253
cmc Recycling,Greenflow?,12442.760096217253
cmc Recycling,Mitsubishi Electric,12442.760096217253
cmc Recycling,Silicon Specialists,12442.760096217253
cmc Recycling,SolarCycle,12442.760096217253
cmc Recycling,Sunpower Corp,12442.760096217253
cmc Recycling,TBF Computing Inc,12442.760096217253
cmc Recycling,TG Companies,12442.760096217253
cmc Recycling,The Retrofit Companies,12442.760096217253
3R Recycling,cmc Recycling,12442.760096217253
cmc Recycling,Electronic Recycling & IT Asset Disposition Services,12442.760096217253
3R Recycling,"Closed Loop Refining And Recovery, Inc.",12486.298761829661
"Closed Loop Refining And Recovery, Inc.",Electronic Recycling & IT Asset Disposition Services,12486.298761829661
"Closed Loop Refining And Recovery, Inc.",Silicon Specialists,12486.298761829661
"Closed Loop Refining And Recovery, Inc.",Green Century Electronics Recycling,12486.298761829661
"Closed Loop Refining And Recovery, Inc.",Greenflow?,12486.298761829661
"Closed Loop Refining And Recovery, Inc.",Mitsubishi Electric,12486.298761829661
"Closed Loop Refining And Recovery, Inc.",NovaTec Recycling,12486.298761829661
"Closed Loop Refining And Recovery, Inc.",SolarCycle,12486.298761829661
"Closed Loop Refining And Recovery, Inc.",Sunpower Corp,12486.298761829661
"Closed Loop Refining And Recovery, Inc.",TBF Computing Inc,12486.298761829661
"Closed Loop Refining And Recovery, Inc.",TG Companies,12486.298761829661
"Closed Loop Refining And Recovery, Inc.",Good Sun,12486.298761829661
"Closed Loop Refining And Recovery, Inc.",The Retrofit Companies,12486.298761829661
"FabTech Enterprises, Inc.",Greenflow?,12497.884575727061
3R Recycling,"FabTech Enterprises, Inc.",12497.884575727061
"FabTech Enterprises, Inc.",Green Century Electronics Recycling,12497.884575727061
"FabTech Enterprises, Inc.",Good Sun,12497.884575727061
"FabTech Enterprises, Inc.",Silicon Specialists,12497.884575727061
"FabTech Enterprises, Inc.",Sunpower Corp,12497.884575727061
"FabTech Enterprises, Inc.",NovaTec Recycling,12497.884575727061
"FabTech Enterprises, Inc.",TBF Computing Inc,12497.884575727061
"FabTech Enterprises, Inc.",The Retrofit Companies,12497.884575727061
"FabTech Enterprises, Inc.",TG Companies,12497.884575727061
Electronic Recycling & IT Asset Disposition Services,"FabTech Enterprises, Inc.",12497.884575727061
"FabTech Enterprises, Inc.",SolarCycle,12497.884575727061
"FabTech Enterprises, Inc.",Mitsubishi Electric,12497.884575727061
"Dynamic Lifecycle Innovation, Wisconsin Headquarters:",SolarCycle,12626.338825715626
3R Recycling,"Dynamic Lifecycle Innovation, Wisconsin Headquarters:",12626.338825715626
"Dynamic Lifecycle Innovation, Wisconsin Headquarters:",Silicon Specialists,12626.338825715626
"Dynamic Lifecycle Innovation, Wisconsin Headquarters:",Sunpower Corp,12626.338825715626
"Dynamic Lifecycle Innovation, Wisconsin Headquarters:",Electronic Recycling & IT Asset Disposition Services,12626.338825715626
"Dynamic Lifecycle Innovation, Wisconsin Headquarters:",NovaTec Recycling,12626.338825715626
"Dynamic Lifecycle Innovation, Wisconsin Headquarters:",Mitsubishi Electric,12626.338825715626
"Dynamic Lifecycle Innovation, Wisconsin Headquarters:",Greenflow?,12626.338825715626
"Dynamic Lifecycle Innovation, Wisconsin Headquarters:",Green Century Electronics Recycling,12626.338825715626
"Dynamic Lifecycle Innovation, Wisconsin Headquarters:",Good Sun,12626.338825715626
"Dynamic Lifecycle Innovation, Wisconsin Headquarters:",TG Companies,12626.338825715626
"Dynamic Lifecycle Innovation, Wisconsin Headquarters:",The Retrofit Companies,12626.338825715626
"Dynamic Lifecycle Innovation, Wisconsin Headquarters:",TBF Computing Inc,12626.338825715626
3R Recycling,"First Solar, Inc.",
Cascade Eco Minerals LLC,"First Solar, Inc.",
Cleanlites  Recycling,"First Solar, Inc.",
"Closed Loop Refining And Recovery, Inc.","First Solar, Inc.",
cmc Recycling,"First Solar, Inc.",
"Dynamic Lifecycle Innovation, Wisconsin Headquarters:","First Solar, Inc.",
"Echo Environmental, LLC","First Solar, Inc.",
EcoTech Recycling,"First Solar, Inc.",
Electronic Recycling & IT Asset Disposition Services,"First Solar, Inc.",
"FabTech Enterprises, Inc.","First Solar, Inc.",
"First Solar, Inc.",Good Sun,
"First Solar, Inc.",Green Century Electronics Recycling,
"First Solar, Inc.",Green Clean Solar,
"First Solar, Inc.",Green Lights Recycling Inc.,
"First Solar, Inc.",Greenflow?,
"First Solar, Inc.","INTERCO TRADING, INC.",
"First Solar, Inc.",Mitsubishi Electric,
"First Solar, Inc.","MOTIVE ENERGY, INC. (Power Solutions)",
"First Solar, Inc.",NovaTec Recycling,
"First Solar, Inc.","Recycle Technologies, Inc.",
"First Solar, Inc.",Recycle1234,
"First Solar, Inc.",RecyclePVSolar,
"First Solar, Inc.",Silicon Specialists,
"First Solar, Inc.",Solar Recycling Experts LLC,
"First Solar, Inc.",SolarCycle,
"First Solar, Inc.",Solarsilicon Recycling Services dba SRS,
"First Solar, Inc.",Sunpower Corp,
"First Solar, Inc.",Surplus Service,
"First Solar, Inc.",TBF Computing Inc,
"First Solar, Inc.",TG Companies,
"First Solar, Inc.",The Retrofit Companies,
"First Solar, Inc.",United Electronic Recycling,
"First Solar, Inc.",United Scrap Metal,
"First Solar, Inc.","We Recycle Solar, Inc.",
"First Solar, Inc.","ZEEP Technology, LLC",
